feature_1,feature_2,feature_3,feature_4,feature_5,feature_6,feature_7,feature_8,feature_9,feature_10,feature_11,feature_12,feature_13,feature_14,feature_15,feature_16,class
0.6394,0.025,0.275,0.2232,0.7365,0.6767,0.8922,0.0869,0.4219,0.0298,0.2186,0.5054,0.0265,0.1988,0.6499,0.5449,0
0.2204,0.5893,0.8094,0.0065,0.8058,0.6981,0.3403,0.1555,0.9572,0.3366,0.0927,0.0967,0.8475,0.6037,0.8071,0.7297,1
0.5362,0.9731,0.3785,0.552,0.8294,0.6185,0.8617,0.5774,0.7046,0.0458,0.2279,0.2894,0.0798,0.2328,0.101,0.278,0
0.6357,0.3648,0.3702,0.2095,0.267,0.9367,0.648,0.6091,0.1711,0.7291,0.1634,0.3795,0.9895,0.64,0.5569,0.6846,1
0.8429,0.776,0.229,0.0321,0.3155,0.2677,0.211,0.9429,0.8764,0.3147,0.6554,0.3956,0.9145,0.4589,0.2649,0.2466,0
0.5614,0.2627,0.5846,0.8978,0.3994,0.2193,0.9975,0.5095,0.0909,0.0471,0.1096,0.6274,0.7921,0.4222,0.0635,0.3816,0
0.9961,0.5291,0.9711,0.8608,0.0115,0.7207,0.6817,0.537,0.2668,0.641,0.1116,0.4348,0.4537,0.9538,0.8759,0.2634,2
0.5006,0.1787,0.9126,0.8705,0.2984,0.6389,0.609,0.1528,0.7625,0.5394,0.7786,0.5304,0.0006,0.3242,0.0195,0.9291,1
0.8787,0.8317,0.3075,0.0579,0.878,0.9469,0.0857,0.486,0.0692,0.7606,0.7658,0.1284,0.4753,0.5498,0.2651,0.8724,1
0.4231,0.2118,0.5393,0.7299,0.2012,0.3117,0.9951,0.6499,0.4381,0.5176,0.121,0.2247,0.3381,0.5883,0.2301,0.2202,0
0.071,0.6311,0.2289,0.9054,0.8596,0.0709,0.238,0.669,0.2142,0.1323,0.9355,0.571,0.4727,0.7846,0.8075,0.1904,0
0.0969,0.4311,0.4236,0.467,0.7291,0.6734,0.9842,0.0984,0.4026,0.3393,0.8617,0.2487,0.1902,0.4486,0.4219,0.2785,0
0.2498,0.9233,0.4431,0.8613,0.5503,0.0506,0.9993,0.836,0.969,0.9264,0.8487,0.1663,0.4856,0.2137,0.401,0.0586,1
0.379,0.9853,0.2652,0.7841,0.455,0.423,0.9573,0.9954,0.5558,0.7184,0.1548,0.2967,0.9687,0.5792,0.5422,0.748,2
0.0572,0.5842,0.5029,0.8527,0.1574,0.9608,0.0801,0.1858,0.595,0.6752,0.2352,0.1199,0.8903,0.2462,0.5945,0.6194,0
0.4192,0.5837,0.5228,0.9347,0.2043,0.7162,0.2387,0.3958,0.6717,0.3,0.3162,0.7519,0.0725,0.4583,0.9985,0.9961,1
0.0733,0.2132,0.2652,0.9333,0.8809,0.8793,0.3695,0.1577,0.8337,0.7035,0.6117,0.9872,0.654,0.0078,0.8171,0.2994,1
0.6634,0.9389,0.1343,0.1154,0.107,0.5532,0.2723,0.6048,0.7176,0.2036,0.6342,0.264,0.4885,0.9053,0.8461,0.0923,0
0.4236,0.2767,0.0035,0.7711,0.6371,0.262,0.7412,0.5517,0.4277,0.0097,0.0752,0.8831,0.9039,0.5456,0.8346,0.5825,0
0.1481,0.1274,0.3083,0.899,0.7961,0.8607,0.8989,0.2101,0.2495,0.1028,0.7801,0.8841,0.4064,0.6207,0.1546,0.9299,1
0.8646,0.9762,0.8108,0.8814,0.0248,0.7366,0.3322,0.9308,0.8022,0.8641,0.8107,0.2668,0.7874,0.1081,0.8722,0.8586,3
0.2224,0.8166,0.4603,0.3052,0.7953,0.2276,0.0237,0.1931,0.3283,0.8644,0.9669,0.2791,0.6415,0.3997,0.9811,0.5362,1
0.9392,0.1153,0.9704,0.1786,0.9625,0.2655,0.1084,0.4346,0.7285,0.3137,0.6062,0.5114,0.3852,0.5766,0.2547,0.7088,1
0.0017,0.9256,0.5385,0.7194,0.742,0.6706,0.3642,0.07,0.6642,0.3302,0.3139,0.848,0.7198,0.3003,0.3093,0.4084,0
0.4024,0.2957,0.1273,0.4204,0.9404,0.6773,0.9028,0.6155,0.3009,0.5479,0.0004,0.2869,0.4299,0.58,0.6547,0.465,0
0.4422,0.2137,0.4732,0.9012,0.796,0.1697,0.0848,0.5155,0.6329,0.3352,0.8184,0.7511,0.6728,0.2246,0.1991,0.0244,0
0.2448,0.4751,0.8497,0.0728,0.4144,0.6298,0.1944,0.6964,0.4944,0.244,0.6561,0.0055,0.751,0.77,0.1066,0.4251,0
0.1759,0.958,0.518,0.0502,0.2492,0.8483,0.4565,0.8014,0.6676,0.9879,0.5955,0.95,0.8914,0.6127,0.7193,0.5048,2
0.8306,0.5479,0.8972,0.7437,0.4747,0.2592,0.2472,0.6377,0.7658,0.5213,0.6267,0.2746,0.0775,0.2857,0.2717,0.3197,0
0.5402,0.1384,0.2313,0.6939,0.7064,0.0642,0.4076,0.5426,0.4158,0.2068,0.4201,0.9048,0.5841,0.6955,0.8567,0.7656,1
0.3804,0.0059,0.3518,0.7535,0.8534,0.9534,0.419,0.7475,0.5461,0.6033,0.2205,0.2194,0.4358,0.029,0.3361,0.6791,0
0.4043,0.165,0.4674,0.1276,0.6223,0.027,0.394,0.5644,0.0271,0.6427,0.1357,0.4617,0.0503,0.3791,0.2117,0.3268,0
0.7612,0.3791,0.752,0.8319,0.2523,0.0819,0.0194,0.5394,0.9999,0.35,0.6501,0.7812,0.6518,0.7542,0.9496,0.1994,1
0.0204,0.1524,0.1262,0.6695,0.564,0.218,0.6995,0.7669,0.1678,0.6072,0.7479,0.1145,0.8193,0.9647,0.1081,0.0257,0
0.312,0.6773,0.9582,0.3967,0.715,0.076,0.6906,0.6272,0.1019,0.7725,0.8503,0.6004,0.1211,0.9838,0.7826,0.3472,2
0.4284,0.3706,0.506,0.3412,0.8496,0.8223,0.1055,0.9608,0.6356,0.8287,0.7073,0.4355,0.7338,0.9655,0.2701,0.8082,2
0.5382,0.4835,0.4356,0.731,0.2684,0.8517,0.8307,0.0867,0.8816,0.2439,0.4647,0.6103,0.379,0.0287,0.851,0.1818,0
0.2121,0.7978,0.3403,0.8803,0.7012,0.2763,0.0102,0.9481,0.0856,0.7201,0.4886,0.7582,0.6906,0.6459,0.4908,0.7929,1
0.0931,0.2216,0.6918,0.3062,0.5816,0.4733,0.5309,0.4255,0.7459,0.3308,0.7029,0.2709,0.2514,0.1207,0.1926,0.1196,0
0.5359,0.7622,0.1851,0.2164,0.4842,0.7246,0.9766,0.5246,0.283,0.1005,0.1941,0.2275,0.1794,0.0141,0.5341,0.2743,0
0.9743,0.5534,0.6974,0.1263,0.8685,0.4909,0.8727,0.5741,0.4694,0.4405,0.1844,0.0514,0.9411,0.4777,0.8221,0.4007,1
0.0741,0.6294,0.0536,0.1492,0.5628,0.3038,0.9939,0.1185,0.7644,0.6063,0.7907,0.2257,0.5226,0.4505,0.4427,0.8602,0
0.99,0.3054,0.621,0.6096,0.7401,0.9476,0.2078,0.211,0.6604,0.1571,0.1738,0.0751,0.0027,0.4505,0.5938,0.2913,0
0.2315,0.707,0.703,0.454,0.6874,0.9239,0.7878,0.6251,0.6612,0.9337,0.4251,0.5446,0.6476,0.9084,0.8266,0.0714,3
0.1659,0.3076,0.749,0.5692,0.2886,0.1244,0.6887,0.6997,0.9427,0.5005,0.4938,0.0804,0.0399,0.432,0.3223,0.2504,0
0.0913,0.9619,0.836,0.5752,0.9508,0.9996,0.6723,0.2695,0.0402,0.7563,0.4705,0.6515,0.9161,0.1815,0.5853,0.6348,2
0.4917,0.0912,0.348,0.3333,0.6701,0.8577,0.3298,0.6937,0.2882,0.9452,0.8136,0.5501,0.4548,0.3145,0.3233,0.9702,1
0.4042,0.5146,0.9881,0.6577,0.5426,0.4132,0.1876,0.3618,0.7564,0.6254,0.76,0.2036,0.5492,0.9277,0.4381,0.6983,2
0.1214,0.9731,0.6089,0.2393,0.1584,0.5508,0.5523,0.0932,0.9923,0.9129,0.4614,0.1175,0.8321,0.4984,0.7166,0.5089,1
0.2734,0.8347,0.9802,0.2437,0.5513,0.3836,0.9219,0.5082,0.8793,0.864,0.2762,0.79,0.4149,0.9342,0.5077,0.8205,3
0.2828,0.2986,0.5869,0.9989,0.4896,0.1486,0.5386,0.3451,0.5519,0.5434,0.4553,0.3218,0.1887,0.6975,0.5718,0.2336,0
0.7755,0.0436,0.7447,0.7052,0.8114,0.3861,0.6637,0.8207,0.9808,0.4953,0.037,0.5023,0.5902,0.8697,0.8742,0.4403,2
0.526,0.4569,0.7224,0.41,0.6548,0.1544,0.4695,0.9692,0.3386,0.6927,0.6498,0.8518,0.8523,0.8593,0.38,0.3167,2
0.7187,0.7594,0.8724,0.0359,0.0684,0.6312,0.9209,0.9974,0.7468,0.434,0.0984,0.6337,0.8726,0.4437,0.694,0.9034,2
0.046,0.7961,0.2934,0.3748,0.1456,0.5312,0.5659,0.7925,0.17,0.079,0.8708,0.6197,0.2408,0.9128,0.1431,0.4611,0
0.254,0.2553,0.0094,0.8046,0.9012,0.6776,0.158,0.4417,0.3456,0.5876,0.6389,0.4243,0.2501,0.8453,0.1992,0.3847,0
0.4832,0.2372,0.5719,0.5748,0.9927,0.2952,0.9779,0.6582,0.2745,0.5659,0.6858,0.7447,0.049,0.6064,0.4967,0.9042,2
0.2862,0.7989,0.6071,0.3523,0.6366,0.6209,0.6778,0.7209,0.6592,0.8383,0.6282,0.9034,0.6463,0.3089,0.4408,0.5796,2
0.7324,0.0901,0.2951,0.7475,0.1756,0.1322,0.5394,0.9715,0.5309,0.9135,0.8305,0.257,0.8247,0.4818,0.8065,0.7466,2
0.3387,0.1152,0.9629,0.1408,0.9665,0.8601,0.7242,0.9799,0.9673,0.8046,0.3658,0.7907,0.0139,0.5366,0.4548,0.6728,2
0.6723,0.5846,0.8224,0.9403,0.1083,0.2338,0.025,0.8842,0.5614,0.9153,0.2214,0.0632,0.8239,0.9094,0.3022,0.4083,1
0.1398,0.9463,0.3044,0.4926,0.0972,0.8873,0.1357,0.4536,0.6705,0.7431,0.946,0.4191,0.7423,0.1545,0.4149,0.099,0
0.4893,0.4081,0.9515,0.0327,0.3705,0.4434,0.9506,0.8555,0.0994,0.6857,0.5445,0.9778,0.3587,0.3981,0.1898,0.1222,0
0.848,0.4547,0.6628,0.6417,0.5971,0.0214,0.7868,0.2436,0.1259,0.5646,0.0686,0.7652,0.2072,0.216,0.8697,0.3286,0
0.1476,0.9005,0.0028,0.8584,0.1447,0.13,0.2507,0.1745,0.6611,0.0258,0.0149,0.79,0.2379,0.3238,0.1742,0.0524,0
0.7417,0.5261,0.7457,0.4762,0.778,0.5132,0.1091,0.5038,0.9454,0.0434,0.7832,0.867,0.5215,0.458,0.964,0.0608,2
0.479,0.4016,0.6861,0.4903,0.9097,0.0735,0.0808,0.6083,0.0657,0.275,0.6331,0.5484,0.3252,0.9946,0.5306,0.4537,0
0.6054,0.0992,0.7018,0.8528,0.6509,0.769,0.7208,0.215,0.4516,0.2285,0.3389,0.4535,0.416,0.0951,0.4268,0.6651,0
0.3743,0.1526,0.923,0.0671,0.8318,0.0932,0.0966,0.7388,0.8118,0.5564,0.5865,0.5616,0.3296,0.1222,0.3536,0.6653,0
0.7503,0.8681,0.7211,0.9684,0.6004,0.3516,0.5779,0.2127,0.6567,0.2242,0.1082,0.8454,0.3676,0.7626,0.5741,0.8072,2
0.8452,0.9745,0.8184,0.6136,0.6427,0.0263,0.9291,0.8295,0.2674,0.1804,0.7027,0.309,0.3398,0.0061,0.8699,0.5663,1
0.4008,0.1419,0.6332,0.0307,0.7461,0.2151,0.4198,0.3409,0.3701,0.7216,0.7768,0.5676,0.085,0.0526,0.1574,0.6178,0
0.674,0.2721,0.6619,0.4857,0.442,0.2732,0.7549,0.1138,0.4299,0.2832,0.6785,0.4866,0.6671,0.0454,0.3953,0.5993,0
0.0077,0.3014,0.2112,0.1372,0.2555,0.3281,0.0077,0.747,0.1757,0.3802,0.7037,0.5003,0.8334,0.8062,0.0721,0.8618,0
0.0423,0.0187,0.9212,0.8621,0.5758,0.5734,0.7095,0.4177,0.1152,0.0209,0.3248,0.8013,0.6181,0.832,0.9198,0.0881,0
0.8445,0.2433,0.5889,0.524,0.3958,0.3103,0.3395,0.3331,0.1681,0.5105,0.114,0.51,0.9059,0.3494,0.7274,0.8189,0
0.815,0.2363,0.1464,0.1973,0.6024,0.7602,0.6555,0.1771,0.7728,0.4941,0.7544,0.7599,0.4489,0.9242,0.5645,0.6353,1
0.6245,0.8642,0.6272,0.151,0.0683,0.4422,0.3028,0.2747,0.0562,0.5073,0.3104,0.4519,0.0569,0.8317,0.0767,0.8643,0
0.8553,0.615,0.5071,0.4627,0.5543,0.7918,0.8959,0.4497,0.8098,0.6518,0.3215,0.4756,0.1509,0.0619,0.1035,0.8991,1
0.3434,0.7143,0.5045,0.1726,0.2477,0.4378,0.4394,0.5227,0.1587,0.3729,0.2829,0.4088,0.3384,0.5979,0.7892,0.6473,0
0.0659,0.0945,0.6784,0.2841,0.7237,0.6566,0.9063,0.8733,0.3334,0.5827,0.1414,0.3498,0.9677,0.6985,0.392,0.595,1
0.938,0.3096,0.3767,0.7917,0.8132,0.6701,0.829,0.7388,0.6854,0.5264,0.646,0.4234,0.3618,0.3626,0.1803,0.2142,1
0.9477,0.4863,0.2265,0.1376,0.0772,0.8444,0.1011,0.7709,0.8351,0.8837,0.0377,0.3368,0.7663,0.131,0.3767,0.1622,0
0.8313,0.7711,0.809,0.1655,0.4377,0.4109,0.6764,0.2375,0.4442,0.2849,0.7485,0.4489,0.534,0.3095,0.8086,0.469,1
0.8351,0.3678,0.9471,0.9844,0.4617,0.2818,0.3819,0.5275,0.9663,0.8169,0.8013,0.1384,0.25,0.6412,0.8741,0.5545,2
0.1026,0.8459,0.8512,0.2851,0.7631,0.2728,0.9053,0.1473,0.4375,0.9464,0.222,0.4511,0.3496,0.0267,0.0533,0.502,0
0.2358,0.9945,0.3749,0.0282,0.9308,0.8392,0.65,0.7914,0.1376,0.2869,0.8298,0.6961,0.1388,0.7055,0.4486,0.0053,1
0.0792,0.2559,0.835,0.5488,0.7272,0.5278,0.1112,0.2881,0.3012,0.0477,0.4198,0.7939,0.4571,0.1109,0.9051,0.5967,0
0.0164,0.5154,0.2419,0.1436,0.4292,0.6148,0.2406,0.4166,0.6644,0.0856,0.9747,0.0677,0.5261,0.5073,0.9883,0.5542,0
0.3905,0.4701,0.6357,0.981,0.2537,0.0162,0.7885,0.3448,0.7329,0.6283,0.7715,0.7352,0.3325,0.0443,0.546,0.8135,1
0.1751,0.7791,0.4646,0.6954,0.6317,0.8115,0.0631,0.7762,0.4577,0.2934,0.0438,0.1995,0.0419,0.9334,0.5154,0.9891,0
0.543,0.2533,0.7533,0.1911,0.357,0.7808,0.8658,0.3319,0.1245,0.368,0.8895,0.7433,0.8946,0.3866,0.9737,0.4962,1
0.4975,0.9243,0.5193,0.8011,0.7271,0.0789,0.6025,0.8223,0.5455,0.3212,0.0801,0.6609,0.3065,0.6026,0.4261,0.6898,1
0.3515,0.0424,0.87,0.3526,0.9982,0.2746,0.98,0.9479,0.075,0.6375,0.3633,0.8011,0.6794,0.9528,0.1428,0.6076,2
0.7813,0.0348,0.0672,0.7785,0.3663,0.3829,0.5672,0.6051,0.6791,0.9488,0.372,0.7631,0.5739,0.5295,0.398,0.6496,1
0.2496,0.1134,0.7357,0.499,0.387,0.5617,0.2618,0.2603,0.4463,0.9964,0.2856,0.9165,0.4912,0.1226,0.8528,0.452,0
0.8987,0.4451,0.0878,0.6819,0.8455,0.3196,0.3474,0.0649,0.5422,0.8913,0.8514,0.7118,0.9273,0.6377,0.7937,0.5088,2
0.1214,0.201,0.1389,0.7904,0.0263,0.554,0.3689,0.8037,0.5516,0.6119,0.0862,0.3093,0.9996,0.7189,0.5257,0.7692,0
0.8233,0.0738,0.9724,0.6423,0.45,0.6801,0.3445,0.878,0.7803,0.6398,0.182,0.9663,0.4326,0.9107,0.0554,0.1242,1
0.153,0.1647,0.3227,0.7093,0.346,0.9409,0.8949,0.8459,0.2506,0.6351,0.5508,0.1252,0.3028,0.5335,0.5026,0.1686,0
0.9416,0.1542,0.6587,0.7206,0.6051,0.8425,0.5636,0.8252,0.0284,0.0455,0.6415,0.5768,0.6511,0.767,0.4166,0.639,2
0.498,0.6272,0.2897,0.9567,0.4829,0.8047,0.685,0.2974,0.073,0.0599,0.4396,0.4843,0.204,0.6067,0.3126,0.7184,0
0.7342,0.8608,0.9754,0.1308,0.3705,0.5617,0.3191,0.4665,0.2675,0.2479,0.0968,0.2902,0.3841,0.6154,0.2483,0.8653,0
0.1597,0.3274,0.5777,0.3127,0.7631,0.4983,0.5147,0.4988,0.3085,0.0232,0.9452,0.5054,0.9667,0.2151,0.3529,0.0505,0
0.4949,0.8823,0.6543,0.4706,0.5367,0.8472,0.4309,0.8825,0.7275,0.7639,0.3659,0.4006,0.5703,0.1947,0.5532,0.0735,1
0.5043,0.7644,0.2797,0.9891,0.6804,0.1188,0.9751,0.3939,0.7949,0.3391,0.9389,0.755,0.1991,0.5091,0.5001,0.0453,1
0.137,0.333,0.4737,0.457,0.6063,0.5155,0.328,0.6131,0.1625,0.9906,0.7393,0.2992,0.3364,0.8283,0.5323,0.7087,1
0.2998,0.8157,0.3684,0.6738,0.9799,0.5837,0.7968,0.7253,0.688,0.0266,0.4746,0.9671,0.7829,0.7762,0.5776,0.7214,3
0.5835,0.1705,0.629,0.6197,0.8412,0.1478,0.6807,0.0316,0.9482,0.1099,0.0189,0.3137,0.1514,0.6905,0.4104,0.775,0
0.9205,0.8728,0.7358,0.0623,0.1381,0.2073,0.325,0.6622,0.5255,0.3138,0.1732,0.9121,0.3423,0.3543,0.772,0.7209,1
0.6433,0.6933,0.6101,0.1923,0.2465,0.5581,0.2249,0.9729,0.2976,0.289,0.2073,0.705,0.317,0.3488,0.9337,0.7954,1
0.2735,0.1219,0.6766,0.3797,0.9802,0.8184,0.9546,0.8046,0.2905,0.2876,0.7141,0.3464,0.4424,0.2564,0.4791,0.2021,1
0.5386,0.933,0.6962,0.1373,0.6157,0.5868,0.2425,0.6698,0.531,0.6379,0.0525,0.4133,0.7174,0.1005,0.7708,0.0052,0
0.5504,0.9291,0.4069,0.935,0.8784,0.4774,0.1995,0.9639,0.3212,0.6459,0.9079,0.0895,0.5741,0.5352,0.7231,0.9367,3
0.9132,0.1751,0.8822,0.1758,0.9196,0.9972,0.397,0.4954,0.9366,0.9621,0.926,0.8767,0.0093,0.568,0.1073,0.983,3
0.2846,0.9891,0.5433,0.4939,0.9386,0.8511,0.468,0.1928,0.1126,0.1625,0.4589,0.2573,0.1862,0.7366,0.7908,0.5678,1
0.7573,0.1755,0.8561,0.897,0.827,0.5153,0.0867,0.6693,0.1848,0.1406,0.3236,0.248,0.2608,0.2355,0.7538,0.954,0
0.3019,0.7229,0.0114,0.6537,0.6928,0.0621,0.1182,0.3068,0.4054,0.5025,0.8951,0.7036,0.311,0.1174,0.9161,0.295,0
0.6146,0.2191,0.1336,0.1532,0.7477,0.6057,0.4158,0.5492,0.4708,0.5375,0.6641,0.2184,0.2475,0.7547,0.8731,0.0819,0
0.4467,0.7038,0.0781,0.5642,0.0618,0.5476,0.5055,0.5727,0.1499,0.3281,0.5203,0.1162,0.2054,0.5831,0.0909,0.5104,0
0.8087,0.4534,0.5132,0.4568,0.0577,0.4624,0.8069,0.7233,0.3959,0.8165,0.7458,0.5783,0.0453,0.3445,0.0638,0.9941,1
0.9346,0.069,0.9338,0.0317,0.4089,0.769,0.7658,0.9783,0.6459,0.4204,0.9929,0.3825,0.8696,0.9068,0.3756,0.6827,3
0.6618,0.5393,0.6535,0.3478,0.1785,0.5373,0.5288,0.7279,0.2227,0.0035,0.0227,0.2984,0.6735,0.5444,0.5319,0.8234,0
0.2475,0.3462,0.2756,0.9374,0.725,0.1128,0.8095,0.4192,0.7661,0.8838,0.0156,0.2061,0.1009,0.0336,0.5978,0.7033,0
0.0487,0.7405,0.4023,0.2343,0.2173,0.8637,0.0564,0.5039,0.2893,0.8158,0.7315,0.3189,0.5979,0.6725,0.3207,0.3018,0
0.1433,0.6602,0.221,0.3005,0.061,0.9485,0.8797,0.9116,0.626,0.4272,0.4956,0.9723,0.9416,0.6713,0.7858,0.3187,2
0.4163,0.1492,0.3765,0.7544,0.4735,0.8493,0.3007,0.7076,0.8058,0.9147,0.5624,0.9678,0.5573,0.1341,0.2429,0.2033,1
0.6467,0.9222,0.8471,0.0925,0.7246,0.1905,0.2685,0.6737,0.6029,0.8736,0.1882,0.7617,0.7243,0.5589,0.4794,0.8695,2
0.333,0.957,0.0153,0.9372,0.9621,0.1173,0.9996,0.4789,0.2426,0.6044,0.2045,0.9151,0.5521,0.7755,0.3807,0.5337,2
0.3593,0.2616,0.5128,0.4973,0.0986,0.9813,0.4695,0.8397,0.9143,0.3707,0.4139,0.5625,0.2213,0.1459,0.2608,0.9348,0
0.5791,0.4176,0.1524,0.3299,0.3798,0.8334,0.4993,0.6546,0.6848,0.2573,0.8216,0.9665,0.6417,0.4906,0.1682,0.795,1
0.1693,0.7203,0.4883,0.9169,0.5421,0.6418,0.0587,0.0338,0.8467,0.9452,0.6682,0.7643,0.4124,0.8425,0.2314,0.7072,1
0.0091,0.5057,0.3732,0.6178,0.6668,0.6165,0.4832,0.4879,0.0066,0.5516,0.0119,0.5294,0.2747,0.9775,0.0171,0.8132,0
0.674,0.8062,0.9098,0.107,0.0963,0.1489,0.1919,0.5265,0.8152,0.2673,0.3969,0.3731,0.406,0.565,0.9902,0.2259,0
0.684,0.8479,0.6537,0.8582,0.7596,0.0935,0.3793,0.5527,0.0561,0.0095,0.1714,0.4999,0.4339,0.7844,0.5659,0.858,1
0.0954,0.5282,0.0426,0.2114,0.8681,0.8876,0.4755,0.0466,0.0743,0.9256,0.8993,0.5635,0.0329,0.9288,0.3145,0.9615,0
0.587,0.7523,0.7127,0.3983,0.0769,0.1625,0.2405,0.8347,0.3892,0.8965,0.3317,0.7556,0.14,0.9885,0.7242,0.5008,1
0.9743,0.0537,0.4371,0.8387,0.3406,0.769,0.9549,0.3967,0.7736,0.0296,0.2733,0.9926,0.4906,0.3558,0.9411,0.4318,2
0.6797,0.6607,0.0857,0.6186,0.7981,0.7131,0.082,0.1542,0.7117,0.6339,0.7397,0.3167,0.1066,0.0052,0.3083,0.3599,0
0.2698,0.1325,0.1874,0.4488,0.5547,0.408,0.0263,0.3539,0.0931,0.598,0.3244,0.3852,0.2918,0.3878,0.0847,0.9011,0
0.9052,0.9782,0.572,0.1696,0.3807,0.1388,0.3011,0.4931,0.0633,0.4347,0.4211,0.4842,0.0769,0.2517,0.2466,0.625,0
0.5938,0.1955,0.107,0.3047,0.9488,0.3322,0.6202,0.8041,0.3295,0.3347,0.8155,0.8595,0.9742,0.1361,0.3207,0.9473,1
0.2009,0.3142,0.9646,0.9687,0.2914,0.695,0.491,0.5759,0.2424,0.3761,0.8165,0.3929,0.1139,0.5639,0.5922,0.5456,1
0.6817,0.5501,0.953,0.4616,0.7084,0.4385,0.2913,0.6928,0.819,0.7957,0.4091,0.4993,0.6333,0.242,0.6587,0.7152,2
0.7891,0.074,0.9907,0.4792,0.4008,0.5066,0.9204,0.6917,0.5436,0.7907,0.3595,0.8955,0.5369,0.6382,0.085,0.769,2
0.6576,0.355,0.647,0.0443,0.9836,0.6775,0.3996,0.7527,0.9657,0.4305,0.0105,0.2587,0.5107,0.5188,0.5805,0.5752,1
0.4458,0.3911,0.7723,0.5886,0.5005,0.345,0.0246,0.1045,0.416,0.9617,0.1161,0.9407,0.1417,0.3119,0.4553,0.2069,0
0.4829,0.4762,0.4382,0.6968,0.3189,0.3003,0.8102,0.1151,0.8492,0.648,0.6771,0.1644,0.9839,0.2439,0.1745,0.1601,0
0.5598,0.9585,0.2319,0.405,0.1845,0.6405,0.4321,0.0292,0.6141,0.1973,0.5922,0.3888,0.7047,0.2058,0.7523,0.8087,0
0.0626,0.1018,0.872,0.187,0.326,0.4576,0.2624,0.8626,0.5277,0.6391,0.597,0.6113,0.587,0.3479,0.8455,0.6174,0
0.8137,0.706,0.2974,0.6145,0.0848,0.1339,0.1179,0.3054,0.183,0.6934,0.5108,0.4182,0.1379,0.3837,0.1858,0.6355,0
0.6934,0.6453,0.9999,0.5549,0.4896,0.1403,0.3146,0.451,0.0536,0.359,0.0096,0.1365,0.8152,0.9638,0.5054,0.495,0
0.6847,0.4156,0.8399,0.4887,0.0827,0.0309,0.7611,0.2921,0.2749,0.5376,0.1682,0.4573,0.7425,0.7659,0.5497,0.1132,0
0.1142,0.7751,0.8233,0.3669,0.8226,0.0416,0.719,0.5464,0.9898,0.1024,0.8301,0.7513,0.2977,0.9993,0.4497,0.3486,1
0.8167,0.4391,0.994,0.7756,0.2369,0.8107,0.5879,0.3506,0.7108,0.6328,0.166,0.1392,0.2066,0.2069,0.0594,0.3508,0
0.2811,0.5388,0.3237,0.7041,0.2893,0.2673,0.858,0.9855,0.6793,0.0952,0.9628,0.7857,0.9188,0.9925,0.867,0.1269,2
0.8661,0.2497,0.7114,0.8285,0.7615,0.6762,0.4895,0.5774,0.2687,0.4142,0.452,0.6336,0.8801,0.0931,0.5156,0.2782,1
0.9363,0.3691,0.9503,0.3273,0.0025,0.7741,0.7327,0.7309,0.4584,0.6641,0.3582,0.0633,0.5344,0.2178,0.4296,0.2119,0
0.2685,0.8283,0.3378,0.5779,0.5661,0.4853,0.3437,0.6826,0.0484,0.0996,0.7839,0.4596,0.1242,0.8577,0.4413,0.0007,0
0.958,0.2023,0.6886,0.1319,0.65,0.159,0.9327,0.274,0.6546,0.2504,0.3718,0.9038,0.1655,0.3963,0.3055,0.6994,0
0.2341,0.6555,0.7037,0.0011,0.4768,0.1327,0.2262,0.68,0.0093,0.6956,0.8171,0.9882,0.4223,0.1322,0.0708,0.3831,0
0.7308,0.1024,0.3134,0.881,0.1371,0.7735,0.7532,0.1331,0.9929,0.1429,0.5305,0.0085,0.65,0.4401,0.7224,0.6281,0
0.1514,0.4117,0.6866,0.86,0.0867,0.1005,0.7524,0.5896,0.384,0.9632,0.3145,0.1398,0.277,0.0842,0.5534,0.6,0
0.6076,0.779,0.6905,0.8479,0.6584,0.3016,0.5177,0.5095,0.7478,0.2955,0.0546,0.8979,0.9547,0.4949,0.1127,0.4996,1
0.5939,0.5283,0.9777,0.9869,0.9339,0.132,0.8608,0.5684,0.3654,0.6829,0.7627,0.9545,0.7704,0.0167,0.0675,0.2622,2
0.0398,0.0605,0.7893,0.5066,0.6286,0.501,0.4154,0.7018,0.0824,0.5366,0.616,0.2775,0.3099,0.5113,0.2032,0.8081,0
0.5364,0.3907,0.6343,0.8345,0.6811,0.0661,0.6987,0.73,0.8465,0.0579,0.0862,0.4345,0.4534,0.6088,0.3093,0.7417,1
0.7407,0.1194,0.7079,0.7015,0.1638,0.953,0.523,0.783,0.7208,0.167,0.1269,0.7811,0.2688,0.8864,0.7714,0.0294,1
0.8071,0.272,0.0639,0.7123,0.5767,0.0771,0.4552,0.3601,0.4996,0.5669,0.3677,0.2551,0.1029,0.5739,0.7228,0.2284,0
0.5088,0.044,0.8629,0.2446,0.4718,0.383,0.1501,0.9312,0.8575,0.5529,0.9139,0.7407,0.4194,0.3218,0.4163,0.7203,1
0.2713,0.0779,0.3728,0.502,0.9019,0.1793,0.8043,0.9814,0.9541,0.0689,0.4651,0.2823,0.8448,0.3273,0.5531,0.008,0
0.2007,0.5638,0.3039,0.6227,0.4639,0.5917,0.4934,0.7726,0.1954,0.9004,0.7605,0.2451,0.0064,0.41,0.233,0.3464,0
0.8396,0.8772,0.951,0.0015,0.6573,0.849,0.7272,0.1039,0.5298,0.2382,0.492,0.0599,0.997,0.7117,0.093,0.9213,2
0.8973,0.5198,0.7008,0.3725,0.9746,0.0849,0.0956,0.1335,0.82,0.0748,0.5678,0.435,0.9642,0.2368,0.261,0.315,0
0.8008,0.7007,0.7354,0.3181,0.272,0.0747,0.2027,0.7799,0.5847,0.1554,0.1644,0.4661,0.4065,0.5359,0.9646,0.2076,0
0.3083,0.265,0.1199,0.1576,0.6861,0.8264,0.6969,0.0403,0.8359,0.3278,0.0912,0.2482,0.3557,0.5135,0.6772,0.2602,0
0.9907,0.0311,0.4044,0.4522,0.7481,0.2499,0.462,0.8039,0.1398,0.012,0.8304,0.9826,0.1307,0.8237,0.3722,0.6303,1
0.6447,0.5823,0.2588,0.8127,0.0218,0.0645,0.9025,0.4434,0.1288,0.9051,0.8294,0.3315,0.0427,0.461,0.168,0.5739,0
0.8217,0.395,0.0295,0.6832,0.1728,0.2147,0.1872,0.2799,0.8834,0.0346,0.6192,0.2458,0.2951,0.412,0.5507,0.061,0
0.2798,0.1372,0.1995,0.8847,0.5258,0.6308,0.8022,0.7948,0.9894,0.7819,0.3591,0.5445,0.4847,0.9127,0.5024,0.3884,2
0.1798,0.3189,0.219,0.8958,0.7785,0.0586,0.9915,0.5294,0.7668,0.9996,0.974,0.1001,0.6569,0.2665,0.8163,0.9173,2
0.0559,0.9964,0.2194,0.8465,0.7974,0.3548,0.8392,0.8452,0.1761,0.5925,0.8062,0.6976,0.914,0.0282,0.7006,0.9476,2
0.5636,0.5631,0.1882,0.988,0.8816,0.4922,0.3091,0.4904,0.0903,0.2326,0.2188,0.5264,0.0007,0.9179,0.2015,0.1305,0
0.7169,0.9188,0.8443,0.3236,0.0219,0.5866,0.9172,0.7744,0.8465,0.8607,0.9606,0.3736,0.9419,0.3956,0.101,0.3018,2
0.1365,0.1575,0.9487,0.7918,0.9607,0.6492,0.1742,0.9687,0.6936,0.9288,0.787,0.2232,0.589,0.1754,0.3068,0.6885,2
0.1273,0.7288,0.9488,0.9487,0.3916,0.9943,0.9652,0.0324,0.6024,0.921,0.9675,0.2209,0.5656,0.9367,0.1406,0.7453,3
0.238,0.9824,0.1679,0.8853,0.0887,0.709,0.6391,0.8867,0.4466,0.2652,0.2495,0.0678,0.2567,0.108,0.0013,0.3859,0
0.7326,0.9691,0.8846,0.4931,0.3787,0.546,0.1014,0.4795,0.8641,0.651,0.6872,0.1627,0.0737,0.8458,0.2949,0.3187,1
0.9517,0.0742,0.1701,0.3755,0.732,0.547,0.8981,0.0931,0.594,0.6136,0.4827,0.031,0.9424,0.165,0.8898,0.1571,0
0.1013,0.2056,0.19,0.6972,0.722,0.73,0.2653,0.2815,0.2375,0.0496,0.5718,0.8399,0.1536,0.3608,0.4276,0.2945,0
0.662,0.6002,0.1997,0.0257,0.1708,0.2918,0.0819,0.8438,0.3084,0.3975,0.4891,0.661,0.0911,0.5441,0.1849,0.8855,0
0.3694,0.4458,0.2633,0.4651,0.2262,0.2686,0.0616,0.7522,0.6675,0.0857,0.3438,0.5414,0.9707,0.5897,0.5536,0.8408,0
0.8184,0.4186,0.5355,0.8669,0.4748,0.8817,0.4763,0.079,0.9028,0.7143,0.5021,0.9005,0.8005,0.6775,0.6203,0.1203,2
0.7572,0.1729,0.9844,0.9722,0.8085,0.1262,0.4234,0.9883,0.4354,0.9973,0.6272,0.8341,0.2579,0.9108,0.9142,0.067,3
0.3881,0.3974,0.3261,0.2762,0.4582,0.8735,0.7866,0.6231,0.5226,0.4196,0.4144,0.1482,0.5879,0.7584,0.9396,0.9249,1
0.5627,0.101,0.2861,0.5356,0.3439,0.4109,0.383,0.4856,0.609,0.0375,0.2754,0.1439,0.6087,0.6937,0.0388,0.8896,0
0.3315,0.2376,0.7457,0.9208,0.897,0.0202,0.8174,0.3031,0.2803,0.4916,0.6962,0.0982,0.8689,0.1344,0.9742,0.4431,1
0.8258,0.2694,0.4168,0.6456,0.1879,0.2114,0.824,0.7409,0.7595,0.8672,0.821,0.5153,0.159,0.3111,0.5068,0.1356,1
0.8513,0.8793,0.0289,0.1928,0.8329,0.837,0.2495,0.4564,0.918,0.7046,0.274,0.8235,0.5051,0.6354,0.1239,0.0306,1
0.3725,0.594,0.1776,0.8705,0.5869,0.3498,0.1635,0.8945,0.749,0.6889,0.2851,0.3866,0.1629,0.5723,0.9649,0.8571,1
0.6474,0.6777,0.2691,0.4095,0.0201,0.7803,0.7676,0.0089,0.9115,0.6474,0.6011,0.0085,0.2524,0.8051,0.3055,0.967,1
0.6427,0.4238,0.3765,0.3487,0.252,0.4667,0.6772,0.8243,0.3972,0.1023,0.5115,0.6624,0.8433,0.3742,0.6473,0.6091,1
0.2985,0.1081,0.0638,0.9884,0.6406,0.8615,0.2611,0.7111,0.8924,0.2988,0.1499,0.7655,0.8997,0.8054,0.8024,0.6,2
0.6605,0.6808,0.7213,0.6554,0.9975,0.2594,0.4186,0.3883,0.0353,0.7081,0.572,0.1899,0.7265,0.2224,0.5346,0.7849,1
0.9065,0.6719,0.5073,0.8454,0.8406,0.8765,0.1811,0.0976,0.1279,0.2587,0.8083,0.7629,0.1831,0.6797,0.3356,0.0893,1
0.3553,0.7442,0.3071,0.7881,0.3313,0.2606,0.2941,0.8512,0.4705,0.8664,0.5836,0.9443,0.0712,0.8894,0.5005,0.8675,2
0.3817,0.2984,0.0541,0.8542,0.1374,0.2003,0.4092,0.5694,0.9066,0.4576,0.3164,0.7157,0.7789,0.4876,0.631,0.1768,0
0.6345,0.0047,0.2735,0.7612,0.1686,0.7645,0.4896,0.7636,0.088,0.6145,0.6335,0.4034,0.9653,0.3833,0.0377,0.1994,0
0.3731,0.0141,0.3222,0.8332,0.1906,0.6767,0.6267,0.2488,0.6935,0.3443,0.1289,0.3836,0.5887,0.167,0.8238,0.2982,0
0.2908,0.7278,0.5964,0.3378,0.888,0.9955,0.3427,0.9014,0.3593,0.1884,0.9481,0.9182,0.4034,0.2284,0.7272,0.1312,1
0.7341,0.5897,0.169,0.3666,0.6505,0.0374,0.8765,0.2558,0.5347,0.0486,0.9947,0.662,0.6536,0.0197,0.6897,0.4168,0
0.3803,0.5473,0.4744,0.1531,0.6952,0.6303,0.3011,0.6617,0.6625,0.27,0.6056,0.1372,0.8307,0.1049,0.7188,0.1177,0
0.114,0.1063,0.1986,0.1997,0.263,0.5231,0.2017,0.7034,0.2954,0.0394,0.4964,0.2077,0.9331,0.3306,0.0027,0.6716,0
0.9069,0.8352,0.669,0.1491,0.0901,0.5117,0.7236,0.1013,0.2559,0.2312,0.9887,0.296,0.4643,0.0998,0.1747,0.0394,0
0.2906,0.8016,0.3127,0.7385,0.095,0.7582,0.0459,0.852,0.6634,0.1705,0.3575,0.4377,0.6218,0.8785,0.093,0.815,0
0.1829,0.4008,0.9623,0.2718,0.3857,0.8507,0.7999,0.6488,0.7969,0.1131,0.6962,0.0586,0.9425,0.1594,0.416,0.5908,1
0.8023,0.6784,0.1813,0.3798,0.3586,0.0288,0.6845,0.8385,0.9734,0.1307,0.9204,0.1129,0.4113,0.046,0.2616,0.3142,0
0.7046,0.6779,0.7675,0.5766,0.565,0.9779,0.6698,0.3383,0.5231,0.7006,0.0952,0.6617,0.2486,0.3457,0.6763,0.3849,1
0.839,0.5583,0.9878,0.0546,0.6434,0.1569,0.8488,0.8519,0.8694,0.0749,0.4916,0.2409,0.9701,0.0504,0.2227,0.6433,1
0.4033,0.235,0.4591,0.8013,0.4481,0.8566,0.4471,0.1187,0.4974,0.6534,0.1026,0.4123,0.5571,0.0002,0.0909,0.6042,0
0.6191,0.3046,0.5083,0.2069,0.6715,0.9504,0.3633,0.0543,0.2229,0.4545,0.5602,0.6198,0.4731,0.6572,0.7159,0.114,0
0.7593,0.2217,0.3414,0.8299,0.9644,0.292,0.522,0.7021,0.0458,0.1642,0.1404,0.7169,0.7216,0.107,0.6109,0.1875,0
0.9302,0.3929,0.457,0.7814,0.7168,0.1078,0.4145,0.9266,0.8375,0.5888,0.7721,0.4505,0.6585,0.9562,0.1346,0.4988,2
0.5304,0.0486,0.9353,0.8388,0.4829,0.5083,0.9212,0.1772,0.5786,0.7305,0.1284,0.3874,0.6005,0.8827,0.5041,0.3847,1
0.9795,0.9159,0.7624,0.2736,0.9636,0.9705,0.4528,0.1334,0.4127,0.7,0.7484,0.2989,0.7015,0.8607,0.7119,0.9355,3
0.6326,0.2009,0.6242,0.2906,0.3453,0.6724,0.9813,0.6501,0.9583,0.5039,0.6943,0.3224,0.1154,0.3522,0.4804,0.5706,1
0.6672,0.4175,0.7479,0.8414,0.2859,0.8473,0.8083,0.5227,0.0253,0.1453,0.6703,0.1999,0.7502,0.1609,0.2866,0.2506,0
0.8394,0.6906,0.2951,0.7536,0.0323,0.814,0.1025,0.868,0.7395,0.8648,0.7424,0.5613,0.2376,0.7843,0.7988,0.2876,2
0.6645,0.9265,0.3876,0.9567,0.9758,0.3127,0.5521,0.013,0.2513,0.6206,0.7809,0.8701,0.83,0.9115,0.7046,0.6476,3
0.7551,0.5466,0.6034,0.7761,0.9643,0.2942,0.1774,0.6827,0.187,0.1738,0.5138,0.3772,0.4285,0.5566,0.1301,0.584,0
0.255,0.3306,0.7097,0.1548,0.1537,0.3226,0.0509,0.9324,0.6156,0.6619,0.4906,0.5727,0.3581,0.784,0.3179,0.22,0
0.1839,0.0682,0.5051,0.4159,0.537,0.0919,0.2212,0.2134,0.3319,0.3608,0.2184,0.7527,0.5305,0.9966,0.8237,0.9811,0
0.0088,0.6689,0.4457,0.9045,0.6137,0.6211,0.9589,0.6826,0.3209,0.9159,0.945,0.3859,0.5402,0.2828,0.9113,0.8221,3
0.375,0.8028,0.4456,0.0439,0.8983,0.1925,0.5139,0.9482,0.1674,0.9563,0.538,0.0073,0.0655,0.6703,0.7736,0.865,1
0.4242,0.1039,0.5378,0.7027,0.9762,0.7752,0.6466,0.9398,0.7469,0.1538,0.4592,0.3317,0.0875,0.0543,0.7942,0.5581,1
0.575,0.2276,0.2586,0.388,0.6302,0.433,0.0169,0.6733,0.5348,0.6414,0.6183,0.756,0.5856,0.7009,0.0726,0.928,1
0.1061,0.7869,0.3014,0.0865,0.7653,0.4377,0.3951,0.6607,0.474,0.5335,0.1364,0.391,0.7975,0.5457,0.9601,0.1441,0
0.6773,0.9142,0.795,0.7293,0.3731,0.9495,0.5535,0.5551,0.1232,0.005,0.5967,0.5372,0.947,0.3047,0.7483,0.9035,2
0.3439,0.4127,0.6459,0.5126,0.161,0.2208,0.8347,0.1943,0.1814,0.7997,0.8523,0.8514,0.9324,0.9943,0.4613,0.5497,1
0.2907,0.0674,0.0982,0.7256,0.4872,0.3309,0.1282,0.6555,0.1,0.6195,0.9001,0.3178,0.4506,0.6163,0.3057,0.5842,0
0.5656,0.3645,0.3163,0.4283,0.0048,0.2462,0.2215,0.7398,0.4361,0.8401,0.1343,0.733,0.8779,0.4628,0.3587,0.3055,0
0.5517,0.1758,0.6066,0.8418,0.8587,0.14,0.5386,0.2632,0.8863,0.0765,0.0754,0.0186,0.5072,0.0312,0.5819,0.4051,0
0.59,0.9063,0.5516,0.5435,0.9987,0.4721,0.7752,0.3658,0.2233,0.7721,0.7332,0.291,0.4647,0.5104,0.3968,0.5022,2
0.6627,0.848,0.8065,0.614,0.1658,0.5141,0.4462,0.1791,0.9487,0.6594,0.9677,0.7359,0.4835,0.3588,0.2188,0.4876,2
0.0629,0.3694,0.0428,0.2068,0.9077,0.3613,0.4697,0.4546,0.0464,0.9806,0.3241,0.7037,0.5214,0.8296,0.8349,0.2633,0
0.5444,0.1738,0.6537,0.3653,0.6533,0.8355,0.5167,0.3763,0.9072,0.5164,0.3529,0.8677,0.4869,0.4821,0.6042,0.5018,1
0.139,0.1656,0.0771,0.6435,0.2115,0.1869,0.3622,0.7173,0.1183,0.2303,0.8112,0.7203,0.4815,0.4788,0.2107,0.1612,0
0.8334,0.0224,0.0431,0.5735,0.1611,0.6295,0.0392,0.5723,0.0559,0.2583,0.18,0.9582,0.5994,0.5636,0.0186,0.7195,0
0.6617,0.2835,0.0857,0.4492,0.9928,0.8673,0.1706,0.8304,0.6008,0.7946,0.8205,0.1819,0.6596,0.2645,0.7242,0.3427,1
0.4535,0.5906,0.2298,0.3855,0.1086,0.2023,0.8596,0.5044,0.4198,0.1496,0.0963,0.4759,0.6147,0.039,0.7839,0.5033,0
0.1175,0.4822,0.1303,0.6035,0.8275,0.897,0.7749,0.6492,0.522,0.3704,0.0434,0.5298,0.2295,0.8023,0.7896,0.3812,1
0.589,0.7414,0.7615,0.6967,0.0977,0.1339,0.4771,0.2325,0.8591,0.2833,0.8768,0.4086,0.189,0.7091,0.7894,0.578,1
0.1178,0.0072,0.6545,0.6878,0.3159,0.3623,0.1548,0.6516,0.2536,0.855,0.4236,0.3656,0.2756,0.6806,0.755,0.4132,0
0.7838,0.4825,0.3702,0.5549,0.2538,0.3067,0.3444,0.7055,0.7358,0.855,0.6593,0.7478,0.4466,0.6993,0.1618,0.2145,1
0.4006,0.3384,0.5506,0.6971,0.7068,0.1607,0.9646,0.0053,0.0911,0.1453,0.9259,0.4354,0.0641,0.2218,0.08,0.0378,0
0.3843,0.9844,0.614,0.521,0.7116,0.5975,0.9457,0.8202,0.6403,0.439,0.2017,0.6569,0.8039,0.286,0.0336,0.5995,2
0.5158,0.2317,0.1695,0.0361,0.2393,0.0003,0.1574,0.9968,0.7797,0.3531,0.3951,0.5861,0.5177,0.7369,0.0686,0.0902,0
0.2845,0.8298,0.915,0.3481,0.9633,0.2765,0.6064,0.1945,0.9297,0.5749,0.2611,0.4071,0.1065,0.0724,0.2943,0.947,1
0.8029,0.9567,0.8761,0.8131,0.5749,0.6942,0.9661,0.5632,0.77,0.7575,0.9612,0.4588,0.4607,0.5868,0.0274,0.1163,3
0.0676,0.6337,0.9942,0.6769,0.2299,0.3157,0.9554,0.5165,0.0097,0.8322,0.2483,0.093,0.6737,0.8211,0.076,0.9314,1
0.4766,0.3535,0.8943,0.2691,0.9471,0.6831,0.9099,0.499,0.1997,0.7354,0.8727,0.2068,0.2028,0.2497,0.6186,0.156,1
0.1067,0.9202,0.6758,0.6634,0.6138,0.7642,0.5415,0.0423,0.4823,0.6207,0.4923,0.9854,0.897,0.8688,0.4908,0.9844,3
0.916,0.2803,0.2221,0.5767,0.0541,0.7993,0.4783,0.5408,0.5025,0.3937,0.6863,0.1748,0.9765,0.6982,0.4601,0.6892,1
0.0118,0.2108,0.581,0.3254,0.6128,0.2597,0.5486,0.2371,0.4713,0.6131,0.3659,0.4988,0.2105,0.7007,0.3723,0.8543,0
0.2796,0.1799,0.1311,0.5759,0.2286,0.0999,0.2699,0.2358,0.4322,0.3809,0.1458,0.9591,0.1495,0.8057,0.1766,0.4996,0
0.9956,0.8494,0.517,0.7206,0.7853,0.3,0.5621,0.5678,0.3984,0.6905,0.06,0.8138,0.4765,0.6299,0.4499,0.3347,2
0.361,0.5604,0.9318,0.2577,0.0198,0.1212,0.8674,0.9631,0.199,0.5759,0.6491,0.1745,0.7803,0.3551,0.6732,0.4875,0
0.7365,0.8896,0.3811,0.2865,0.6317,0.1448,0.1676,0.8077,0.3374,0.6313,0.5716,0.8489,0.0713,0.162,0.2282,0.3169,0
0.2914,0.2675,0.6446,0.2712,0.4449,0.8628,0.3632,0.5869,0.9655,0.414,0.1839,0.0231,0.7278,0.662,0.9404,0.7007,1
0.0801,0.1669,0.103,0.0638,0.8787,0.5484,0.0264,0.397,0.765,0.0833,0.2625,0.1553,0.6548,0.8855,0.3094,0.2474,0
0.2842,0.6265,0.1313,0.8385,0.0286,0.6635,0.8604,0.3252,0.4762,0.975,0.5406,0.2724,0.4448,0.9695,0.6976,0.177,1
0.5976,0.631,0.6359,0.564,0.5235,0.6395,0.3097,0.3472,0.5397,0.8047,0.4419,0.3658,0.2598,0.3036,0.0001,0.8154,0
0.8479,0.3439,0.4692,0.0083,0.9221,0.947,0.4771,0.0091,0.4304,0.2929,0.2312,0.0072,0.3736,0.4117,0.5606,0.3948,0
0.1633,0.7371,0.3897,0.3784,0.263,0.4222,0.2396,0.7645,0.91,0.8076,0.6846,0.2847,0.7429,0.8088,0.4129,0.8535,1
0.1824,0.2896,0.6369,0.6177,0.2721,0.6228,0.1878,0.0194,0.0496,0.535,0.1859,0.1023,0.2692,0.7152,0.7271,0.2328,0
0.1507,0.4936,0.3419,0.3116,0.7995,0.998,0.4637,0.7914,0.3302,0.8435,0.9516,0.056,0.7757,0.0714,0.4701,0.1922,1
0.8415,0.8173,0.8283,0.122,0.7681,0.249,0.7712,0.443,0.7376,0.0335,0.4608,0.771,0.5211,0.9821,0.4728,0.6814,2
0.3121,0.3231,0.6292,0.0422,0.9374,0.5209,0.2533,0.6385,0.1987,0.8875,0.8637,0.2178,0.1129,0.6329,0.3245,0.1674,0
0.2761,0.1196,0.7891,0.0089,0.042,0.7835,0.4753,0.5962,0.3714,0.0895,0.1577,0.0914,0.6186,0.9308,0.997,0.6251,0
0.0598,0.6446,0.7013,0.7915,0.1258,0.2327,0.9817,0.7886,0.7567,0.8055,0.4387,0.193,0.6892,0.3582,0.1347,0.8987,1
0.4853,0.4375,0.2947,0.697,0.1898,0.1866,0.3477,0.7324,0.2753,0.8313,0.9145,0.5545,0.0689,0.155,0.2957,0.2633,0
0.3671,0.0007,0.638,0.379,0.1855,0.0187,0.8568,0.776,0.2388,0.721,0.6583,0.539,0.3875,0.5241,0.4975,0.5515,0
0.613,0.3226,0.6409,0.1105,0.5232,0.0667,0.8352,0.1298,0.8735,0.2021,0.4854,0.0988,0.571,0.8363,0.6579,0.5258,0
0.7013,0.2559,0.3664,0.606,0.0709,0.9302,0.2087,0.4914,0.8898,0.08,0.801,0.0607,0.558,0.9382,0.416,0.3691,0
0.7084,0.8236,0.2658,0.0407,0.0704,0.3039,0.9446,0.9606,0.0971,0.7252,0.5317,0.1895,0.5262,0.2488,0.6253,0.1789,0
0.7492,0.4152,0.1055,0.6386,0.358,0.4587,0.6652,0.8828,0.1668,0.1804,0.4016,0.3375,0.1582,0.9984,0.443,0.3523,0
0.3152,0.9915,0.3247,0.3717,0.7642,0.4306,0.7259,0.6084,0.5631,0.2139,0.7657,0.9261,0.2541,0.9617,0.4475,0.3971,2
0.7263,0.983,0.5958,0.5176,0.9934,0.3018,0.3003,0.2219,0.8557,0.0217,0.8219,0.6897,0.276,0.5537,0.5563,0.9259,2
0.1547,0.0377,0.3557,0.1384,0.3671,0.5822,0.233,0.8111,0.0919,0.3998,0.9179,0.7343,0.7236,0.7929,0.1729,0.8257,0
0.6896,0.5762,0.9077,0.5952,0.3004,0.7308,0.5763,0.0785,0.0559,0.7709,0.3479,0.8171,0.4165,0.8678,0.8698,0.2267,1
0.6528,0.6023,0.0114,0.7774,0.3825,0.3048,0.0412,0.5399,0.1496,0.5024,0.2208,0.0505,0.7316,0.3929,0.4456,0.5951,0
0.5047,0.2221,0.2898,0.3943,0.1322,0.0825,0.5714,0.0493,0.3992,0.0851,0.5018,0.7738,0.1304,0.1349,0.5593,0.4879,0
0.6522,0.1961,0.616,0.7357,0.2462,0.0716,0.7768,0.3234,0.9241,0.0896,0.6717,0.4235,0.3483,0.3207,0.5939,0.0242,0
0.3048,0.9877,0.6162,0.9902,0.4422,0.1458,0.0449,0.8182,0.1997,0.3738,0.7577,0.8528,0.1124,0.0545,0.9489,0.9267,1
0.8688,0.8201,0.0137,0.6938,0.1113,0.4501,0.0227,0.209,0.538,0.2038,0.5233,0.2587,0.483,0.7299,0.1413,0.6988,0
0.0184,0.583,0.6635,0.0435,0.1703,0.284,0.7892,0.618,0.0531,0.6548,0.0083,0.3886,0.2713,0.8521,0.6601,0.8643,0
0.0191,0.8674,0.6494,0.2312,0.3807,0.9766,0.0996,0.3155,0.8668,0.5316,0.1864,0.5007,0.458,0.9263,0.0215,0.2474,0
0.5294,0.3336,0.3934,0.157,0.3468,0.3519,0.6252,0.2362,0.9782,0.5013,0.8119,0.6258,0.8787,0.8904,0.8149,0.0295,1
0.5549,0.2802,0.1517,0.8972,0.6569,0.0878,0.3822,0.9606,0.6124,0.6255,0.2274,0.2404,0.1527,0.9705,0.9097,0.3293,1
0.5422,0.2068,0.1386,0.5414,0.8001,0.8626,0.309,0.7051,0.5238,0.1353,0.9957,0.9758,0.1452,0.933,0.9171,0.3175,2
0.5573,0.9486,0.1184,0.3176,0.8796,0.7271,0.7654,0.8801,0.414,0.4113,0.443,0.9338,0.8941,0.9333,0.2738,0.7791,3
0.1068,0.1847,0.7624,0.612,0.2669,0.567,0.2309,0.2322,0.6874,0.3593,0.6881,0.4766,0.5023,0.6047,0.712,0.374,0
0.8521,0.4914,0.1375,0.1933,0.0322,0.7645,0.015,0.2699,0.413,0.7424,0.9882,0.7578,0.0661,0.9271,0.9856,0.8671,1
0.4899,0.3249,0.4575,0.2468,0.4049,0.0418,0.7353,0.3804,0.3129,0.6115,0.7425,0.5938,0.5252,0.8758,0.7869,0.5206,1
0.4516,0.827,0.0424,0.9958,0.5187,0.3956,0.7352,0.5577,0.5161,0.6306,0.0493,0.2912,0.398,0.3046,0.8276,0.4613,1
0.4225,0.6131,0.0545,0.517,0.1422,0.8299,0.4517,0.7226,0.1132,0.7787,0.9378,0.6961,0.1353,0.4136,0.4509,0.1789,0
0.5903,0.7126,0.2019,0.4547,0.2501,0.6917,0.9072,0.7965,0.7184,0.1235,0.1142,0.4494,0.3629,0.5238,0.3841,0.7911,1
0.5117,0.9498,0.3787,0.3806,0.7683,0.9123,0.5655,0.6595,0.1501,0.8688,0.1789,0.712,0.4196,0.3095,0.7686,0.4463,1
0.6265,0.1176,0.1316,0.2029,0.6226,0.2531,0.4586,0.8554,0.5435,0.0058,0.8827,0.2379,0.5889,0.4757,0.4102,0.0794,0
0.6001,0.2447,0.5473,0.6198,0.5575,0.8253,0.0489,0.1483,0.6533,0.0367,0.8538,0.667,0.838,0.2984,0.9204,0.049,0
0.417,0.1782,0.6721,0.6111,0.6915,0.595,0.7873,0.1774,0.4553,0.579,0.9315,0.0931,0.2993,0.3686,0.3789,0.0677,0
0.4273,0.5505,0.2928,0.1345,0.6946,0.2744,0.5271,0.5246,0.6958,0.6121,0.1093,0.7297,0.629,0.9872,0.4837,0.6887,1
0.9339,0.9863,0.2872,0.6088,0.3165,0.5254,0.995,0.3539,0.1297,0.5626,0.5197,0.6319,0.4925,0.1799,0.6094,0.7086,1
0.9793,0.0016,0.024,0.6255,0.1179,0.8481,0.7996,0.999,0.414,0.3338,0.5604,0.6375,0.0113,0.2012,0.2816,0.7902,0
0.3078,0.5067,0.3239,0.0061,0.6858,0.3414,0.7244,0.616,0.0291,0.1756,0.3305,0.3379,0.6725,0.9162,0.7973,0.6457,0
0.4815,0.6272,0.8921,0.537,0.3351,0.784,0.414,0.7426,0.8351,0.2993,0.725,0.3155,0.5359,0.2083,0.6855,0.7995,2
0.888,0.3536,0.9696,0.2805,0.0312,0.9836,0.6265,0.8424,0.571,0.3896,0.5952,0.8646,0.7515,0.7053,0.3145,0.0316,2
0.4139,0.4971,0.2376,0.4519,0.9507,0.2161,0.3023,0.1122,0.7849,0.7778,0.9134,0.4438,0.0249,0.4827,0.5001,0.1902,0
0.9236,0.7324,0.5236,0.7755,0.1433,0.8718,0.8221,0.938,0.6767,0.1327,0.7246,0.4594,0.7137,0.5223,0.0041,0.9323,2
0.6871,0.5943,0.0871,0.4669,0.0461,0.5206,0.659,0.3125,0.5776,0.3121,0.8921,0.3209,0.1925,0.2766,0.3191,0.4411,0
0.1177,0.1493,0.2736,0.0153,0.6229,0.5141,0.2066,0.3503,0.3185,0.1416,0.7044,0.2833,0.2448,0.0712,0.6133,0.3387,0
0.4436,0.1301,0.4707,0.6755,0.1059,0.0538,0.4265,0.179,0.5961,0.5928,0.8362,0.6994,0.6163,0.3124,0.8174,0.7129,0
0.6709,0.5335,0.9737,0.7557,0.4657,0.1318,0.8129,0.9197,0.4683,0.4556,0.6845,0.7102,0.4654,0.2317,0.2238,0.8611,2
0.6169,0.9129,0.3921,0.6996,0.6652,0.7888,0.8824,0.4533,0.0303,0.4753,0.3514,0.4612,0.1708,0.7679,0.6044,0.1274,1
0.1029,0.8176,0.7968,0.3259,0.6495,0.7924,0.5327,0.4008,0.4134,0.6209,0.5479,0.9739,0.3838,0.3407,0.8139,0.591,2
0.7843,0.4354,0.7873,0.5445,0.2362,0.6626,0.0779,0.9309,0.5742,0.4866,0.5922,0.4629,0.5551,0.822,0.1762,0.9559,2
0.0696,0.1087,0.8141,0.7713,0.3789,0.4943,0.6602,0.0905,0.817,0.8873,0.9033,0.6361,0.0002,0.1467,0.1492,0.5313,0
0.39,0.5779,0.1957,0.6815,0.3166,0.5703,0.9132,0.3046,0.9433,0.4347,0.9826,0.3443,0.0893,0.0081,0.9864,0.4042,1
0.1276,0.2942,0.3692,0.5489,0.0531,0.7034,0.8208,0.3592,0.8612,0.8657,0.2352,0.7022,0.3943,0.3181,0.3828,0.3816,0
0.5451,0.6625,0.4749,0.1882,0.3846,0.9245,0.84,0.1543,0.9975,0.6701,0.1343,0.0717,0.0157,0.7213,0.4867,0.4367,0
0.9902,0.0847,0.6422,0.4159,0.456,0.7889,0.6044,0.4257,0.1798,0.5094,0.5521,0.45,0.3553,0.1858,0.6046,0.5779,0
0.8468,0.2367,0.5017,0.4108,0.5462,0.367,0.9782,0.5681,0.7049,0.1132,0.4815,0.6905,0.1421,0.7313,0.9836,0.9837,2
0.7789,0.4649,0.0782,0.8899,0.0884,0.4725,0.7417,0.9604,0.0781,0.6337,0.7981,0.3125,0.0528,0.3435,0.7785,0.4689,0
0.5127,0.4692,0.7338,0.421,0.9606,0.7982,0.2892,0.0353,0.9229,0.7494,0.727,0.5637,0.0614,0.4732,0.1691,0.0516,0
0.9904,0.8089,0.6243,0.2868,0.0825,0.5056,0.8514,0.2778,0.1325,0.281,0.8579,0.0142,0.1115,0.1746,0.5918,0.1511,0
0.4467,0.8078,0.2613,0.7008,0.4849,0.7994,0.862,0.3428,0.0844,0.1451,0.9339,0.1542,0.4959,0.9936,0.7704,0.2379,1
0.4402,0.6376,0.2109,0.7344,0.3451,0.6423,0.7555,0.116,0.1676,0.3987,0.3014,0.7462,0.7524,0.5325,0.3798,0.7056,0
0.4746,0.1451,0.8703,0.0119,0.9272,0.4488,0.6785,0.9618,0.6829,0.041,0.9177,0.6374,0.9562,0.4318,0.918,0.8584,2
0.335,0.2671,0.0983,0.6543,0.3912,0.7732,0.7491,0.7343,0.5887,0.1949,0.3374,0.6903,0.1799,0.5476,0.6728,0.8317,1
0.012,0.0977,0.1039,0.4459,0.2194,0.2833,0.1931,0.0237,0.0919,0.9385,0.6566,0.8355,0.9505,0.6381,0.7081,0.12,0
0.8564,0.1299,0.6564,0.8999,0.5661,0.9672,0.896,0.6957,0.2533,0.467,0.9362,0.6388,0.9227,0.2764,0.427,0.9034,3
0.7699,0.3234,0.162,0.074,0.7771,0.3828,0.3327,0.0601,0.9556,0.2647,0.4406,0.4917,0.9286,0.6103,0.1784,0.4921,0
0.1439,0.7687,0.2184,0.6433,0.9126,0.7154,0.1033,0.0729,0.5713,0.2506,0.4459,0.8965,0.1489,0.6403,0.9329,0.6646,1
0.2664,0.7001,0.9046,0.5746,0.5154,0.9399,0.4907,0.4361,0.844,0.7809,0.7854,0.5401,0.0033,0.9542,0.818,0.4821,3
0.5672,0.935,0.3589,0.6818,0.4006,0.6323,0.9588,0.0907,0.5346,0.9609,0.0805,0.4596,0.7665,0.6478,0.1766,0.0393,1
0.3842,0.191,0.6959,0.8965,0.6306,0.3593,0.0849,0.6328,0.7353,0.1399,0.1931,0.7197,0.5929,0.4892,0.063,0.5406,0
0.3077,0.5339,0.8343,0.4493,0.9958,0.037,0.0561,0.7878,0.0428,0.1182,0.8071,0.6673,0.4584,0.6781,0.8743,0.149,0
0.5793,0.9248,0.0369,0.1416,0.6538,0.4712,0.918,0.0458,0.7013,0.1305,0.1722,0.05,0.3073,0.7937,0.4562,0.1707,0
0.591,0.8178,0.1063,0.4971,0.7992,0.2206,0.8045,0.4262,0.8115,0.9822,0.6784,0.3242,0.9759,0.576,0.1373,0.8364,2
0.7931,0.7642,0.5931,0.3355,0.1207,0.1412,0.4152,0.6963,0.5534,0.4387,0.9257,0.0407,0.1,0.8474,0.6124,0.7777,1
0.0156,0.487,0.0063,0.1794,0.0891,0.6518,0.8869,0.4162,0.8074,0.7726,0.6924,0.2062,0.6398,0.5231,0.412,0.9381,0
0.6105,0.0376,0.18,0.4999,0.9503,0.6272,0.7826,0.3479,0.0046,0.2356,0.1175,0.5302,0.0957,0.3619,0.7611,0.5397,0
0.2193,0.7703,0.6593,0.2764,0.1937,0.7966,0.6852,0.9686,0.4744,0.1763,0.6701,0.0431,0.6449,0.2851,0.4347,0.3343,0
0.8052,0.7584,0.0433,0.7404,0.9249,0.1759,0.7855,0.4851,0.1161,0.8951,0.7214,0.5927,0.326,0.1988,0.6769,0.3257,1
0.779,0.3261,0.0981,0.7377,0.8699,0.3755,0.2207,0.471,0.4844,0.8905,0.1449,0.9279,0.455,0.3873,0.1364,0.7198,1
0.632,0.9756,0.2022,0.1272,0.6922,0.0597,0.1365,0.8517,0.4586,0.1712,0.3436,0.8864,0.6036,0.7895,0.638,0.6115,1
0.1699,0.9701,0.855,0.0865,0.857,0.4892,0.9957,0.5916,0.837,0.2792,0.73,0.7362,0.2467,0.3273,0.5795,0.8918,2
0.5918,0.149,0.5737,0.0051,0.9802,0.0401,0.4707,0.7686,0.0336,0.5311,0.4793,0.798,0.8213,0.4524,0.2405,0.5585,0
0.0124,0.7318,0.9499,0.1327,0.2958,0.6476,0.0907,0.4798,0.3048,0.7033,0.8579,0.7473,0.0244,0.4548,0.7718,0.8742,1
0.4054,0.7899,0.3704,0.4643,0.6334,0.8604,0.0707,0.8934,0.3329,0.0327,0.4259,0.2698,0.9461,0.5424,0.7945,0.7877,1
0.081,0.8808,0.7358,0.0548,0.9453,0.6747,0.888,0.111,0.3656,0.6191,0.3656,0.1753,0.5588,0.067,0.7093,0.2047,0
0.9813,0.2386,0.1136,0.4785,0.9391,0.5801,0.9591,0.2098,0.745,0.2254,0.3527,0.2674,0.6802,0.2771,0.0634,0.3452,0
0.4862,0.5267,0.1227,0.7098,0.6783,0.5329,0.2923,0.621,0.7999,0.9454,0.8088,0.9409,0.0656,0.8919,0.4579,0.0802,1
0.8979,0.2884,0.9566,0.1094,0.2759,0.6971,0.4963,0.875,0.5207,0.6273,0.2932,0.9696,0.5414,0.132,0.3467,0.4439,1
0.6447,0.2915,0.0629,0.8718,0.2323,0.9474,0.6447,0.4117,0.3428,0.6461,0.3263,0.5934,0.6969,0.8419,0.4453,0.3041,1
0.132,0.7893,0.1717,0.26,0.4842,0.9707,0.7697,0.0473,0.3531,0.4559,0.1664,0.9241,0.7118,0.2852,0.9732,0.8393,1
0.6929,0.6664,0.1535,0.2379,0.0412,0.3166,0.1265,0.2604,0.1845,0.5625,0.0347,0.3169,0.3438,0.3729,0.5399,0.1626,0
0.3016,0.9204,0.4046,0.4994,0.1454,0.458,0.3202,0.0043,0.7385,0.9756,0.3313,0.7055,0.4739,0.2898,0.944,0.9807,1
0.5737,0.1471,0.5652,0.9069,0.4421,0.6891,0.7316,0.9002,0.1394,0.551,0.3081,0.4016,0.8409,0.446,0.0925,0.055,0
0.6413,0.5834,0.2221,0.9357,0.2779,0.0225,0.5384,0.4455,0.6716,0.0874,0.5118,0.1945,0.3178,0.6051,0.9434,0.9084,0
0.3611,0.1479,0.8538,0.3696,0.3728,0.2847,0.3514,0.9775,0.8743,0.0876,0.7279,0.4442,0.9926,0.8037,0.2886,0.8057,1
0.9704,0.4238,0.8964,0.1396,0.5872,0.0861,0.2078,0.4746,0.8675,0.9866,0.0661,0.9601,0.7561,0.0884,0.4095,0.9144,1
0.4145,0.5558,0.7102,0.7552,0.1369,0.186,0.3818,0.5539,0.0422,0.8262,0.8346,0.3039,0.5593,0.4635,0.0268,0.0024,0
0.2627,0.956,0.8342,0.4725,0.6538,0.8927,0.4172,0.4919,0.6878,0.2448,0.1194,0.2772,0.9943,0.0667,0.7456,0.5811,1
0.5656,0.8683,0.628,0.476,0.6942,0.1196,0.5125,0.5753,0.8453,0.1628,0.0585,0.3197,0.8783,0.1355,0.1633,0.2727,0
0.4195,0.9121,0.356,0.2899,0.5296,0.9363,0.5139,0.7664,0.1832,0.0945,0.7526,0.5437,0.8724,0.8268,0.685,0.3011,1
0.6854,0.6883,0.0958,0.58,0.8233,0.0129,0.5182,0.373,0.4849,0.3403,0.9108,0.1024,0.1546,0.2211,0.1884,0.8971,0
0.6134,0.8314,0.5257,0.5321,0.5511,0.7563,0.114,0.4605,0.0764,0.8188,0.9234,0.4795,0.3116,0.3626,0.817,0.8897,2
0.5976,0.7636,0.342,0.7099,0.0288,0.8146,0.2224,0.8568,0.1424,0.2266,0.1253,0.1302,0.0786,0.6908,0.784,0.0777,0
0.7747,0.7573,0.0425,0.1078,0.7931,0.5135,0.0593,0.1189,0.253,0.0662,0.6676,0.7546,0.7824,0.9201,0.2054,0.9012,0
0.1848,0.3515,0.0908,0.8459,0.9418,0.9488,0.3478,0.1606,0.5006,0.7286,0.2418,0.5702,0.0991,0.5781,0.014,0.217,0
0.1915,0.2819,0.9017,0.5371,0.9736,0.0987,0.214,0.5042,0.7078,0.3665,0.5894,0.4397,0.9577,0.1808,0.3548,0.3796,0
0.2143,0.2276,0.1128,0.9846,0.1236,0.1103,0.1359,0.7623,0.7047,0.5571,0.0406,0.3281,0.1157,0.2836,0.6004,0.312,0
0.9762,0.444,0.5539,0.2906,0.8554,0.1888,0.0696,0.8411,0.4757,0.6791,0.1793,0.9987,0.4916,0.1052,0.4381,0.6585,1
0.085,0.1434,0.4006,0.5906,0.1017,0.9253,0.9779,0.0647,0.9752,0.3386,0.595,0.9907,0.1228,0.8381,0.7252,0.2785,1
0.7135,0.5819,0.273,0.7895,0.6438,0.4002,0.4758,0.6032,0.4044,0.4845,0.2789,0.768,0.108,0.2507,0.4973,0.6284,0
0.1346,0.0996,0.0529,0.0682,0.6781,0.9721,0.3826,0.6792,0.1527,0.622,0.0963,0.0765,0.7516,0.7676,0.7927,0.2019,0
0.6621,0.4903,0.2617,0.3436,0.8597,0.5466,0.9526,0.0316,0.4304,0.9149,0.3836,0.3146,0.3763,0.4597,0.0329,0.5567,0
0.8604,0.303,0.7061,0.4915,0.1345,0.7157,0.4875,0.1094,0.675,0.6601,0.6854,0.5722,0.4759,0.8544,0.5067,0.3914,1
0.4947,0.9709,0.6169,0.3528,0.9778,0.3205,0.0281,0.0451,0.8369,0.3489,0.7421,0.0269,0.8913,0.3413,0.0974,0.3451,0
0.3574,0.3513,0.6612,0.2476,0.6481,0.5925,0.9104,0.0655,0.3049,0.3376,0.0197,0.3261,0.4609,0.8634,0.568,0.9014,0
0.2666,0.696,0.588,0.9858,0.3777,0.3903,0.5725,0.8083,0.1001,0.6751,0.336,0.5028,0.7649,0.3395,0.6148,0.3633,1
0.436,0.497,0.8473,0.7871,0.8404,0.5358,0.2874,0.0475,0.9962,0.402,0.2259,0.7429,0.092,0.8442,0.0947,0.3368,1
0.0673,0.8012,0.4753,0.2097,0.7957,0.6515,0.3018,0.8041,0.4329,0.5399,0.2001,0.4023,0.625,0.4532,0.7634,0.1806,0
0.0186,0.7033,0.8627,0.5768,0.213,0.9621,0.7422,0.4673,0.9372,0.5327,0.6144,0.7691,0.4337,0.5661,0.6268,0.5223,2
0.3643,0.1477,0.1505,0.6853,0.3003,0.4354,0.3187,0.8302,0.0644,0.2036,0.4124,0.8237,0.646,0.2564,0.6012,0.4059,0
0.1136,0.1919,0.2456,0.8272,0.4642,0.5598,0.4361,0.6469,0.037,0.1594,0.1364,0.2584,0.8035,0.6587,0.176,0.8525,0
0.9638,0.4858,0.0199,0.8596,0.0839,0.6016,0.8672,0.9006,0.407,0.3634,0.6574,0.0903,0.9432,0.7242,0.1406,0.1119,1
0.7345,0.9329,0.522,0.829,0.9497,0.9316,0.2518,0.8846,0.2381,0.1223,0.8067,0.3293,0.5843,0.39,0.7484,0.2359,2
0.4229,0.1443,0.1752,0.9699,0.4395,0.2543,0.5895,0.4904,0.3747,0.9487,0.3165,0.4238,0.6827,0.9633,0.8794,0.937,2
0.363,0.7157,0.8214,0.0211,0.9668,0.6058,0.8415,0.6622,0.9408,0.6907,0.7888,0.2397,0.5527,0.3093,0.9585,0.3629,2
0.8123,0.1221,0.867,0.8576,0.3885,0.9098,0.393,0.978,0.2555,0.0903,0.8227,0.2355,0.2104,0.8902,0.9159,0.6314,2
0.8795,0.7667,0.4063,0.0339,0.8664,0.8232,0.9405,0.4711,0.413,0.8412,0.7174,0.8768,0.8202,0.8244,0.6985,0.5063,3
0.3519,0.6021,0.8134,0.7378,0.4533,0.0274,0.0521,0.6416,0.6302,0.791,0.1361,0.4007,0.6283,0.3137,0.0822,0.1578,0
0.5164,0.9697,0.8306,0.7632,0.847,0.6858,0.7926,0.3194,0.4784,0.7352,0.2607,0.6875,0.8268,0.7995,0.1987,0.4145,3
0.1819,0.8764,0.9448,0.8843,0.2245,0.9481,0.9231,0.6471,0.6266,0.9068,0.9741,0.1983,0.7013,0.1688,0.401,0.4289,3
0.2602,0.0891,0.3679,0.9472,0.1174,0.7186,0.4352,0.92,0.4537,0.6736,0.1185,0.7136,0.1905,0.8619,0.7821,0.288,0
0.4942,0.1302,0.8563,0.6001,0.9952,0.283,0.6772,0.4183,0.4085,0.1459,0.2902,0.2618,0.6177,0.9073,0.3696,0.6843,1
0.4582,0.0103,0.1332,0.3232,0.693,0.6869,0.7133,0.7085,0.7361,0.2562,0.0953,0.0588,0.3329,0.2348,0.9082,0.9967,0
0.9393,0.9672,0.5982,0.7482,0.0455,0.2537,0.6197,0.3025,0.3947,0.3709,0.9681,0.5596,0.5805,0.2603,0.5037,0.9303,2
0.8779,0.1319,0.3173,0.5304,0.1418,0.1168,0.0442,0.1279,0.8717,0.8348,0.7478,0.9262,0.2829,0.8769,0.6129,0.7616,1
0.2638,0.313,0.8927,0.3155,0.9946,0.7637,0.1513,0.853,0.6574,0.7982,0.0532,0.1486,0.2299,0.0359,0.2602,0.706,0
0.4364,0.9952,0.9272,0.0408,0.3565,0.709,0.4852,0.493,0.8458,0.8669,0.1237,0.0936,0.8682,0.1807,0.1683,0.5087,1
0.2728,0.8909,0.5857,0.5835,0.9716,0.526,0.5708,0.4164,0.0768,0.7683,0.6769,0.8874,0.026,0.6813,0.6806,0.3942,2
0.5903,0.9512,0.837,0.1538,0.0811,0.8307,0.6595,0.4541,0.9552,0.5942,0.0058,0.9698,0.6562,0.9509,0.3249,0.7315,2
0.7343,0.9574,0.5692,0.2114,0.0487,0.6436,0.3232,0.0555,0.0707,0.9519,0.3814,0.3989,0.178,0.965,0.8655,0.0892,0
0.8523,0.1629,0.7795,0.2849,0.7526,0.6541,0.1206,0.4908,0.4324,0.8064,0.3101,0.685,0.1313,0.6655,0.8321,0.5127,1
0.4896,0.8854,0.4764,0.5631,0.4231,0.7565,0.811,0.6139,0.4341,0.426,0.0404,0.3417,0.4635,0.2242,0.6862,0.1551,0
0.4953,0.6296,0.5247,0.2907,0.4374,0.9072,0.4776,0.1486,0.1278,0.9029,0.8415,0.5231,0.2955,0.0477,0.0765,0.0451,0
0.1076,0.4249,0.0945,0.6609,0.5685,0.2534,0.2549,0.0818,0.5034,0.1139,0.6616,0.1796,0.1822,0.393,0.0833,0.8768,0
0.2976,0.5872,0.455,0.6703,0.6238,0.2651,0.9667,0.8713,0.1872,0.1851,0.747,0.6041,0.8716,0.1063,0.5344,0.0058,0
0.1167,0.1717,0.4771,0.6918,0.8688,0.9658,0.6019,0.4867,0.6185,0.9739,0.3607,0.6738,0.6903,0.395,0.3027,0.1251,1
0.0139,0.1119,0.0159,0.9705,0.859,0.2092,0.6486,0.6497,0.4358,0.6261,0.79,0.1909,0.3009,0.4634,0.474,0.0218,0
0.1661,0.1524,0.7026,0.9639,0.4715,0.8598,0.5852,0.2013,0.5694,0.8338,0.0509,0.0079,0.6304,0.7131,0.9795,0.8486,1
0.7371,0.5958,0.5543,0.2908,0.4875,0.4861,0.591,0.6115,0.6787,0.8167,0.4879,0.7143,0.5283,0.422,0.3159,0.0635,1
0.8929,0.4171,0.4733,0.4948,0.939,0.3468,0.6975,0.0208,0.288,0.1922,0.3438,0.2321,0.2197,0.9091,0.3392,0.6021,0
0.8425,0.657,0.1312,0.2934,0.7114,0.9598,0.8331,0.6731,0.7346,0.796,0.7998,0.8445,0.6218,0.2825,0.7493,0.6671,3
0.1291,0.1995,0.6057,0.1009,0.416,0.9938,0.3037,0.2094,0.047,0.0181,0.8809,0.357,0.1586,0.8279,0.8945,0.032,0
0.0637,0.4306,0.6176,0.1207,0.2241,0.2578,0.3403,0.3552,0.0467,0.8777,0.2675,0.1512,0.6901,0.5154,0.6695,0.7064,0
0.9266,0.4378,0.4571,0.8416,0.1109,0.1059,0.6106,0.7822,0.9474,0.8236,0.042,0.1054,0.6299,0.8709,0.911,0.157,1
0.2921,0.4415,0.5059,0.7326,0.0993,0.6471,0.3346,0.1378,0.8486,0.4391,0.4157,0.769,0.2453,0.8091,0.3413,0.505,0
0.0852,0.3724,0.7548,0.3606,0.665,0.1516,0.7535,0.4217,0.2282,0.8018,0.4134,0.4093,0.4588,0.8524,0.7946,0.3618,0
0.0298,0.1456,0.0099,0.8062,0.9436,0.0848,0.3148,0.9819,0.1643,0.0615,0.7592,0.6602,0.6415,0.9025,0.0578,0.6316,0
0.7134,0.6604,0.5198,0.2957,0.402,0.6809,0.5536,0.3043,0.7427,0.9092,0.0079,0.2798,0.5278,0.9205,0.7003,0.4462,1
0.2051,0.5444,0.7883,0.652,0.6975,0.8877,0.7816,0.4045,0.1973,0.3015,0.037,0.3345,0.7251,0.7401,0.126,0.9919,1
0.2839,0.0928,0.5518,0.5213,0.757,0.16,0.0279,0.7966,0.5925,0.2413,0.7742,0.7265,0.987,0.1104,0.0599,0.373,0
0.627,0.3545,0.0477,0.651,0.1247,0.298,0.7369,0.4531,0.983,0.8054,0.989,0.5656,0.8943,0.6277,0.5333,0.5955,2
0.3503,0.2845,0.7848,0.7149,0.6724,0.7144,0.5197,0.2476,0.3278,0.5824,0.8228,0.3613,0.098,0.7116,0.8284,0.0819,1
0.0622,0.8885,0.4763,0.4462,0.3693,0.5263,0.5882,0.5189,0.3948,0.2637,0.4988,0.4234,0.4401,0.931,0.4895,0.9733,1
0.8238,0.1443,0.1271,0.7112,0.1294,0.7045,0.8633,0.1181,0.2126,0.4734,0.7465,0.9441,0.3693,0.9518,0.6016,0.4086,1
0.1209,0.5718,0.0403,0.1533,0.3715,0.991,0.3033,0.4859,0.7912,0.1421,0.5896,0.0487,0.8943,0.8891,0.2156,0.8191,0
0.4888,0.1223,0.3486,0.8704,0.4176,0.5731,0.5658,0.9003,0.7813,0.4752,0.72,0.6057,0.762,0.5048,0.4609,0.4499,2
0.4491,0.8663,0.3252,0.7998,0.6645,0.4096,0.2328,0.3954,0.541,0.9581,0.89,0.7359,0.6459,0.866,0.7072,0.572,3
0.7962,0.7074,0.561,0.1238,0.5594,0.1924,0.6187,0.5769,0.0529,0.5702,0.1894,0.4758,0.8969,0.1203,0.9362,0.1797,0
0.019,0.7868,0.2453,0.7056,0.8877,0.4442,0.8069,0.6069,0.4018,0.045,0.862,0.0233,0.437,0.4149,0.8596,0.3174,0
0.2572,0.1146,0.0993,0.1682,0.144,0.2556,0.0896,0.3068,0.4073,0.1692,0.6145,0.3253,0.0272,0.0585,0.3899,0.32,0
0.4128,0.3242,0.3755,0.8277,0.121,0.2026,0.7521,0.586,0.493,0.7524,0.385,0.1151,0.0606,0.4648,0.4071,0.4842,0
0.4075,0.2337,0.8862,0.2692,0.9635,0.6751,0.2463,0.5547,0.7852,0.3046,0.4067,0.0839,0.6358,0.2035,0.9679,0.3733,0
0.9853,0.782,0.5375,0.4238,0.9115,0.4517,0.001,0.4647,0.8294,0.2892,0.9721,0.0005,0.9335,0.4822,0.5979,0.8395,2
0.3802,0.3514,0.6322,0.5852,0.5103,0.0455,0.7392,0.5631,0.3006,0.3953,0.123,0.1397,0.5565,0.2795,0.432,0.6104,0
0.9574,0.3183,0.6821,0.3426,0.2614,0.7527,0.4527,0.2459,0.983,0.3416,0.4598,0.5995,0.0159,0.6918,0.6464,0.002,0
0.4765,0.9014,0.6727,0.4132,0.8953,0.7033,0.7625,0.5381,0.7873,0.6491,0.0775,0.0309,0.8321,0.6716,0.6722,0.353,2
0.8128,0.8275,0.358,0.1772,0.768,0.697,0.0084,0.4627,0.9362,0.4446,0.2215,0.0198,0.2811,0.9214,0.3578,0.09,0
0.6134,0.3032,0.7178,0.2343,0.4938,0.363,0.2808,0.9045,0.707,0.2091,0.1961,0.8211,0.3961,0.8699,0.5691,0.494,1
0.5518,0.6598,0.5657,0.6824,0.5651,0.0654,0.1282,0.065,0.2596,0.5699,0.228,0.5231,0.7823,0.1919,0.678,0.992,0
0.693,0.5329,0.2529,0.5601,0.4539,0.9379,0.641,0.9431,0.0519,0.9388,0.4325,0.9951,0.274,0.6802,0.4666,0.3615,2
0.759,0.8838,0.2245,0.2779,0.4201,0.4489,0.0052,0.1946,0.0818,0.5718,0.0254,0.7374,0.9781,0.4238,0.0744,0.25,0
0.1645,0.3108,0.626,0.0967,0.48,0.8081,0.5925,0.6263,0.3343,0.2504,0.1078,0.2384,0.3408,0.0544,0.3336,0.7941,0
0.9435,0.7757,0.6196,0.7641,0.6253,0.5789,0.0855,0.0607,0.0333,0.3133,0.8477,0.065,0.1275,0.9191,0.4419,0.3015,0
0.6262,0.0658,0.6776,0.5593,0.2949,0.3815,0.0958,0.752,0.2331,0.5996,0.6597,0.0106,0.3839,0.7952,0.8799,0.6192,0
0.3396,0.9376,0.7829,0.4541,0.3282,0.1925,0.1027,0.5952,0.0675,0.7894,0.1936,0.5732,0.6374,0.2563,0.421,0.7246,0
0.4446,0.2432,0.797,0.0605,0.3117,0.4358,0.9597,0.7544,0.3112,0.8852,0.7755,0.1474,0.3087,0.3429,0.3688,0.0081,0
0.5864,0.6783,0.0573,0.5071,0.8352,0.8587,0.4221,0.1954,0.2004,0.9085,0.7853,0.3416,0.6679,0.6948,0.9819,0.5998,2
0.3311,0.5784,0.9631,0.6161,0.4187,0.1623,0.4543,0.7892,0.0422,0.2194,0.0037,0.223,0.2303,0.6239,0.239,0.7346,0
0.9526,0.3315,0.7401,0.2053,0.1842,0.9899,0.3628,0.0737,0.03,0.1152,0.2906,0.1944,0.5857,0.7655,0.0439,0.0297,0
0.1978,0.1741,0.8854,0.7188,0.3398,0.5545,0.1785,0.0215,0.8429,0.9106,0.021,0.6775,0.3789,0.7874,0.111,0.9361,0
0.3051,0.2401,0.8095,0.6609,0.9412,0.9771,0.9977,0.8817,0.8784,0.0654,0.1444,0.9242,0.7949,0.1917,0.3782,0.3743,2
0.5995,0.977,0.2445,0.0462,0.616,0.1891,0.5355,0.7896,0.3277,0.0533,0.7956,0.8729,0.8515,0.9684,0.8858,0.2092,1
0.0814,0.4707,0.6635,0.0649,0.5086,0.7513,0.6451,0.5092,0.4986,0.4643,0.3218,0.3739,0.6945,0.7156,0.4948,0.2683,0
0.4009,0.9212,0.584,0.0366,0.2195,0.203,0.8632,0.3959,0.306,0.8887,0.5714,0.9355,0.3741,0.5506,0.1343,0.084,0
0.4445,0.3516,0.584,0.4653,0.6211,0.4261,0.4676,0.409,0.8045,0.317,0.3824,0.1796,0.2338,0.6454,0.3591,0.0824,0
0.8426,0.5128,0.6437,0.7859,0.9266,0.0984,0.0713,0.0383,0.2003,0.1966,0.3292,0.3027,0.8156,0.6835,0.2745,0.7056,0
0.998,0.9984,0.7524,0.7398,0.9124,0.0085,0.2995,0.8223,0.7831,0.4038,0.4058,0.58,0.6553,0.472,0.5126,0.7612,3
0.1493,0.3975,0.2269,0.7491,0.4744,0.5158,0.786,0.7576,0.7225,0.4614,0.7919,0.3131,0.1878,0.7701,0.6979,0.2096,1
0.45,0.5584,0.3747,0.5775,0.1283,0.9434,0.0097,0.8104,0.8343,0.3398,0.4191,0.6858,0.4034,0.7786,0.5376,0.3261,1
0.0232,0.7854,0.9221,0.1537,0.9526,0.3303,0.6298,0.603,0.6078,0.8669,0.9802,0.2042,0.3906,0.5345,0.1883,0.1086,1
0.5695,0.4515,0.8947,0.0932,0.1043,0.5529,0.0321,0.689,0.4886,0.1867,0.0695,0.963,0.2838,0.233,0.6596,0.07,0
0.0575,0.5185,0.1718,0.8597,0.4109,0.157,0.1107,0.5365,0.4783,0.0688,0.9551,0.8657,0.1299,0.2057,0.4322,0.7097,0
0.4748,0.6037,0.9392,0.5875,0.5025,0.6848,0.2754,0.0074,0.1427,0.064,0.3992,0.8076,0.5259,0.9103,0.8792,0.4602,1
0.5761,0.7373,0.2879,0.881,0.4563,0.7003,0.7116,0.2974,0.613,0.81,0.1751,0.2491,0.9,0.7332,0.4578,0.9108,2
0.1834,0.5686,0.3936,0.9457,0.2397,0.8705,0.2738,0.6281,0.2919,0.9163,0.698,0.7224,0.2173,0.4935,0.9924,0.5528,1
0.9953,0.0765,0.1052,0.7665,0.326,0.4509,0.2528,0.5061,0.4622,0.0732,0.6945,0.7497,0.3812,0.746,0.8558,0.3967,0
0.0107,0.1147,0.9171,0.3271,0.7487,0.4848,0.0682,0.5484,0.2423,0.95,0.1403,0.8204,0.8416,0.1706,0.0181,0.1005,0
0.2941,0.5347,0.3908,0.0776,0.7636,0.6774,0.1535,0.3581,0.2167,0.0344,0.675,0.2162,0.6967,0.8365,0.8115,0.641,0
0.7164,0.897,0.3906,0.3083,0.0524,0.0047,0.7724,0.7671,0.9288,0.3746,0.2385,0.0914,0.4217,0.9893,0.3371,0.1922,0
0.6689,0.2206,0.8823,0.7969,0.8305,0.1679,0.167,0.4157,0.1077,0.3271,0.5621,0.1895,0.2071,0.5417,0.9389,0.1208,0
0.2138,0.3566,0.1736,0.4021,0.3162,0.3892,0.4588,0.066,0.8151,0.6499,0.369,0.0673,0.2186,0.3015,0.5989,0.9831,0
0.1018,0.5362,0.9905,0.8505,0.1715,0.959,0.5999,0.9814,0.6963,0.6779,0.9724,0.6937,0.332,0.6354,0.884,0.318,3
0.8516,0.4821,0.3351,0.6085,0.585,0.3824,0.6406,0.2324,0.5875,0.9884,0.2326,0.6163,0.8968,0.3088,0.7379,0.7572,2
0.6198,0.0599,0.3745,0.2966,0.1517,0.2044,0.0379,0.9234,0.5981,0.9459,0.7393,0.3287,0.2781,0.6436,0.7605,0.5209,0
0.9776,0.648,0.2885,0.0237,0.8469,0.3313,0.2422,0.5393,0.9066,0.665,0.2483,0.6873,0.7195,0.6081,0.3815,0.3216,1
0.4424,0.006,0.8699,0.07,0.1925,0.6344,0.1415,0.2042,0.0918,0.5926,0.8312,0.9318,0.2363,0.0782,0.725,0.3115,0
0.7217,0.2449,0.1764,0.249,0.2854,0.4483,0.6356,0.2719,0.7813,0.08,0.9726,0.3982,0.1678,0.4414,0.5053,0.7349,0
0.7603,0.8196,0.7936,0.0198,0.3814,0.854,0.7589,0.9215,0.5952,0.1528,0.7266,0.2573,0.4637,0.4536,0.3751,0.606,1
0.0719,0.1367,0.4693,0.1547,0.1896,0.0128,0.5007,0.7253,0.4915,0.9257,0.9403,0.9705,0.3731,0.4896,0.641,0.5883,0
0.4088,0.0388,0.9216,0.3848,0.5656,0.1942,0.4363,0.2553,0.9131,0.7222,0.5096,0.4886,0.6885,0.6965,0.6509,0.9265,1
0.7357,0.2424,0.0345,0.8131,0.631,0.6764,0.6975,0.6453,0.2613,0.4555,0.6811,0.2543,0.6021,0.9518,0.8415,0.0123,1
0.771,0.6444,0.9169,0.3977,0.5862,0.901,0.5185,0.1888,0.4229,0.8297,0.2529,0.3022,0.9677,0.6585,0.3828,0.308,2
0.4116,0.8764,0.7277,0.0889,0.6362,0.7767,0.3444,0.1427,0.7487,0.93,0.398,0.3081,0.987,0.8164,0.0016,0.0698,1
0.6963,0.525,0.6545,0.733,0.1706,0.3747,0.704,0.198,0.182,0.9485,0.4507,0.8144,0.1856,0.059,0.1827,0.7592,0
